FileName,FreqCosineSim,,FileName,JaccardSim
06_1435,39.59321849533923,,07_1185,12.777777777777777
06_503,37.27196821033118,,07_964,12.422360248447205
07_646,36.305717330701754,,06_137,11.801242236024844
07_1526,36.106998251828436,,07_122,11.797752808988763
06_499,34.858553210352795,,07_577,11.76470588235294
